date_time,Voltage_Set,Height
"2026-05-10 11:20:24",0,0.694861
"2026-05-10 11:20:25",0,0.694861
"2026-05-10 11:20:26",0,0.694861
"2026-05-10 11:20:27",0,0.664167
"2026-05-10 11:20:28",0,0.633472
"2026-05-10 11:20:29",0,0.679514
"2026-05-10 11:20:30",0,0.694861
"2026-05-10 11:20:31",0,0.664167
"2026-05-10 11:20:32",0,0.633472
"2026-05-10 11:20:33",10,0.679514
"2026-05-10 11:20:34",10,2.29097
"2026-05-10 11:20:35",10,3.81035
"2026-05-10 11:20:36",9.99999,5.20694
"2026-05-10 11:20:37",9.99994,5.92826
"2026-05-10 11:20:38",9.99991,6.63424
"2026-05-10 11:20:39",9.99992,7.11
"2026-05-10 11:20:40",9.99988,7.60111
"2026-05-10 11:20:42",9.99981,7.9234
"2026-05-10 11:20:43",9.99985,8.27639
"2026-05-10 11:20:44",9.99988,8.59868
"2026-05-10 11:20:45",9.99987,8.7368
"2026-05-10 11:20:46",9.99982,9.24326
"2026-05-10 11:20:47",9.99977,9.5809
"2026-05-10 11:20:48",9.99903,9.82646
"2026-05-10 11:20:49",9.99959,10.1641
"2026-05-10 11:20:50",9.99924,10.4097
"2026-05-10 11:20:51",9.99798,10.7166
"2026-05-10 11:20:52",9.99756,11.0082
"2026-05-10 11:20:53",9.99677,11.2998
"2026-05-10 11:20:54",9.9959,11.5453
"2026-05-10 11:20:55",9.99554,11.8062
"2026-05-10 11:20:56",9.99534,12.0518
"2026-05-10 11:20:57",9.99511,12.3127
"2026-05-10 11:20:58",9.98866,12.5276
"2026-05-10 11:20:59",9.97708,12.7885
"2026-05-10 11:21:00",9.97578,13.034
"2026-05-10 11:21:01",9.9743,13.2796
"2026-05-10 11:21:02",9.97251,13.5098
"2026-05-10 11:21:03",9.97044,13.74
"2026-05-10 11:21:04",9.96592,13.9549
"2026-05-10 11:21:05",9.90971,14.1697
"2026-05-10 11:21:06",9.25302,14.3692
"2026-05-10 11:21:07",8.90446,14.5534
"2026-05-10 11:21:08",8.75467,15.7505
"2026-05-10 11:21:09",8.39324,14.9524
"2026-05-10 11:21:10",7.98429,15.0445
"2026-05-10 11:21:11",7.77741,15.0445
"2026-05-10 11:21:12",7.7229,15.0292
"2026-05-10 11:21:13",7.75778,14.9831
"2026-05-10 11:21:14",7.81496,14.9371
"2026-05-10 11:21:15",7.85753,14.9524
"2026-05-10 11:21:16",7.90469,14.9217
"2026-05-10 11:21:17",7.90469,14.9064
"2026-05-10 11:21:18",7.93061,14.891
"2026-05-10 11:21:19",7.98689,14.891
"2026-05-10 11:21:20",8.01731,14.9217
"2026-05-10 11:21:21",7.93515,14.9371
"2026-05-10 11:21:22",7.91076,14.9678
"2026-05-10 11:21:23",7.91147,14.9371
"2026-05-10 11:21:24",7.88812,14.9524
"2026-05-10 11:21:25",7.88865,14.9524
"2026-05-10 11:21:26",7.93853,14.9217
"2026-05-10 11:21:27",7.91412,14.9217
"2026-05-10 11:21:28",7.94013,14.9371
"2026-05-10 11:21:29",7.94102,14.9831
"2026-05-10 11:21:30",7.8925,14.9524
"2026-05-10 11:21:31",7.91713,14.9217
"2026-05-10 11:21:32",7.91785,14.9371
"2026-05-10 11:21:33",7.91856,14.9371
"2026-05-10 11:21:34",7.43759,14.9217
"2026-05-10 11:21:35",7.91582,14.799
"2026-05-10 11:21:36",8.0879,14.8143
"2026-05-10 11:21:37",8.15679,14.8603
"2026-05-10 11:21:38",8.15897,14.9064
"2026-05-10 11:21:39",8.0317,14.9524
"2026-05-10 11:21:40",7.9493,14.9524
"2026-05-10 11:21:41",7.90067,14.9678
"2026-05-10 11:21:42",7.87819,14.9678
"2026-05-10 11:21:43",7.87855,14.9524
"2026-05-10 11:21:44",7.92611,14.9371
"2026-05-10 11:21:45",7.92684,14.9064
"2026-05-10 11:21:46",7.95296,14.9064
"2026-05-10 11:21:47",7.95387,14.9217
"2026-05-10 11:21:48",8.00944,14.9371
"2026-05-10 11:21:49",7.98273,14.9524
"2026-05-10 11:21:50",7.9075,14.9371
"2026-05-10 11:21:51",7.90805,14.9217
"2026-05-10 11:21:52",7.95825,14.9217
"2026-05-10 11:21:53",7.93373,14.9217
"2026-05-10 11:21:54",7.98662,14.9371
"2026-05-10 11:21:55",7.96101,14.9217
"2026-05-10 11:21:56",7.93647,14.9524
"2026-05-10 11:21:57",7.91295,14.9371
"2026-05-10 11:21:58",7.93776,14.9371
"2026-05-10 11:21:59",7.9385,22.9176
"2026-05-10 11:22:00",7.91497,14.9371
"2026-05-10 11:22:01",7.79045,14.9371
"2026-05-10 11:22:02",7.93928,14.8757
"2026-05-10 11:22:03",7.99225,14.9064
"2026-05-10 11:22:04",8.02141,14.9217
"2026-05-10 11:22:05",7.9679,14.9371
"2026-05-10 11:22:06",7.94333,14.9371
"2026-05-10 11:22:07",7.96958,14.9371
"2026-05-10 11:22:08",7.945,14.9524
"2026-05-10 11:22:09",7.92142,14.9524
"2026-05-10 11:22:10",7.94631,14.9371
"2026-05-10 11:22:11",7.94706,14.9524
"2026-05-10 11:22:12",7.92347,14.9371
"2026-05-10 11:22:13",7.94837,14.9371
"2026-05-10 11:22:14",7.94912,14.9371
"2026-05-10 11:22:15",7.94987,14.9371
"2026-05-10 11:22:16",7.95063,14.9371
"2026-05-10 11:22:17",7.92702,14.9524
"2026-05-10 11:22:18",7.92759,14.9371
"2026-05-10 11:22:19",7.95252,14.9371
"2026-05-10 11:22:20",7.9289,14.9524
"2026-05-10 11:22:21",7.92947,14.9678
"2026-05-10 11:22:23",7.90735,14.9831
"2026-05-10 11:22:24",7.90773,14.9678
"2026-05-10 11:22:25",7.90811,14.9524
"2026-05-10 11:22:26",7.93176,14.9371
"2026-05-10 11:22:27",6.13961,14.7836
"2026-05-10 11:22:28",7.89678,14.492
"2026-05-10 11:22:29",8.37717,14.5534
"2026-05-10 11:22:30",8.77993,14.6301
"2026-05-10 11:22:31",8.69913,14.799
"2026-05-10 11:22:32",8.42724,14.9678
"2026-05-10 11:22:33",6.13979,14.891
"2026-05-10 11:22:34",7.8174,14.5994
"2026-05-10 11:22:35",8.36234,14.6148
"2026-05-10 11:22:36",8.65528,14.7069
"2026-05-10 11:22:37",8.57465,14.845
"2026-05-10 11:22:38",8.30111,14.9678
"2026-05-10 11:22:39",8.03079,15.0138
"2026-05-10 11:22:40",7.77477,14.9985
"2026-05-10 11:22:41",7.81238,14.9524
"2026-05-10 11:22:42",7.79287,14.9217
"2026-05-10 11:22:43",7.92205,14.9064
"2026-05-10 11:22:44",7.97476,14.9217
"2026-05-10 11:22:45",7.97584,14.9217
"2026-05-10 11:22:46",8.00489,14.9371
"2026-05-10 11:22:47",7.9782,14.9371
"2026-05-10 11:22:48",7.95263,14.9371
"2026-05-10 11:22:49",7.90395,14.9678
"2026-05-10 11:22:50",7.92869,14.9217
"2026-05-10 11:22:51",7.92942,14.9064
"2026-05-10 11:22:52",7.95556,14.9217
"2026-05-10 11:22:53",7.95647,14.9524
"2026-05-10 11:22:54",7.95739,14.9371
"2026-05-10 11:22:55",7.9583,14.9371
"2026-05-10 11:22:56",7.90955,14.9371
"2026-05-10 11:22:57",7.93433,14.9064
"2026-05-10 11:22:58",7.93507,14.891
"2026-05-10 11:22:59",7.96126,14.9217
"2026-05-10 11:23:00",7.96218,14.9064
"2026-05-10 11:23:01",7.98983,14.9217
"2026-05-10 11:23:02",7.93873,14.9371
"2026-05-10 11:23:03",7.91519,14.9371
"2026-05-10 11:23:04",7.96551,14.9371
"2026-05-10 11:23:05",7.94095,14.9064
"2026-05-10 11:23:06",7.99394,14.9217
"2026-05-10 11:23:07",8.02311,14.9217
"2026-05-10 11:23:08",8.02443,14.9524
"2026-05-10 11:23:09",7.9709,14.9524
"2026-05-10 11:23:10",7.9463,14.9524
"2026-05-10 11:23:11",7.92272,14.9371
"2026-05-10 11:23:12",7.94762,14.9371
"2026-05-10 11:23:13",7.94837,14.9371
"2026-05-10 11:23:15",7.94912,14.9371
"2026-05-10 11:23:16",7.92552,14.9371
"2026-05-10 11:23:17",7.90286,14.9217
"2026-05-10 11:23:18",7.92647,14.9217
"2026-05-10 11:23:19",7.95139,14.9371
"2026-05-10 11:23:20",7.95215,14.9217
"2026-05-10 11:23:21",7.9529,14.9217
"2026-05-10 11:23:22",7.95366,14.9371
"2026-05-10 11:23:23",7.95441,14.9371
"2026-05-10 11:23:24",7.98075,14.9524
"2026-05-10 11:23:25",7.95611,15.2747
"2026-05-10 11:23:26",7.93248,14.9371
"2026-05-10 11:23:27",7.95745,14.9831
"2026-05-10 11:23:28",7.9338,14.9678
"2026-05-10 11:23:29",7.91109,14.9524
"2026-05-10 11:23:30",7.91147,14.9371
"2026-05-10 11:23:31",7.91186,14.9371
"2026-05-10 11:23:32",7.95995,14.9524
"2026-05-10 11:23:33",7.93629,14.9524
"2026-05-10 11:23:34",7.9613,14.9371
"2026-05-10 11:23:35",7.96206,14.9524
"2026-05-10 11:23:36",7.96282,14.9371
"2026-05-10 11:23:37",7.93915,14.9371
"2026-05-10 11:23:38",7.93973,14.9524
"2026-05-10 11:23:39",7.9403,14.9524
"2026-05-10 11:23:40",7.94088,14.9678
"2026-05-10 11:23:41",6.72116,14.7376
"2026-05-10 11:23:42",7.93387,14.6915
"2026-05-10 11:23:43",8.34175,14.7376
"2026-05-10 11:23:44",8.52288,14.891
"2026-05-10 11:25:15",8.14182,14.9678
"2026-05-10 11:25:16",7.92306,15.0138
"2026-05-10 11:25:18",7.95962,14.9831
"2026-05-10 11:25:19",7.93746,15.0292
"2026-05-10 11:25:20",7.93767,14.9678
"2026-05-10 11:25:21",7.89541,14.9831
"2026-05-10 11:25:22",7.91606,14.9678
"2026-05-10 11:25:23",7.93773,14.9678
"2026-05-10 11:25:24",7.93794,14.9524
"2026-05-10 11:25:25",7.98433,14.9678
"2026-05-10 11:25:26",7.98493,14.9985
"2026-05-10 11:25:27",7.93937,15.0138
"2026-05-10 11:25:28",7.93958,14.9831
"2026-05-10 11:25:29",7.91813,15.0138
"2026-05-10 11:25:30",7.91815,14.9985
"2026-05-10 11:25:31",7.91817,14.9985
"2026-05-10 11:25:32",7.91819,14.9985
"2026-05-10 11:25:33",7.91821,14.9985
"2026-05-10 11:25:34",7.91823,14.9524
"2026-05-10 11:25:35",7.9861,14.9524
"2026-05-10 11:25:36",7.87789,14.9371
"2026-05-10 11:25:37",7.96273,14.9371
"2026-05-10 11:25:38",7.98675,14.9678
"2026-05-10 11:25:39",7.98736,14.9985
"2026-05-10 11:25:40",7.98798,14.9985
"2026-05-10 11:25:41",7.94238,14.9985
"2026-05-10 11:25:42",7.87993,15.0138
"2026-05-10 11:25:43",7.89969,14.9678
"2026-05-10 11:25:44",7.92037,14.9678
"2026-05-10 11:25:45",7.92038,14.9371
"2026-05-10 11:25:46",7.96468,14.9678
"2026-05-10 11:25:47",7.96509,14.9678
"2026-05-10 11:25:48",7.98912,14.9985
"2026-05-10 11:25:49",7.94351,15.0138
"2026-05-10 11:25:50",7.94373,14.9985
"2026-05-10 11:25:51",7.92226,14.9985
"2026-05-10 11:25:52",7.90141,14.9985
"2026-05-10 11:25:53",7.9221,14.9985
"2026-05-10 11:25:54",7.9438,14.9678
"2026-05-10 11:25:55",7.94402,14.9831
"2026-05-10 11:25:56",7.99047,14.9678
"2026-05-10 11:25:57",7.96746,14.9985
"2026-05-10 11:25:58",7.96788,15.0138
"2026-05-10 11:25:59",7.92397,15.0138
"2026-05-10 11:26:00",7.92399,14.9985
"2026-05-10 11:26:01",7.92401,15.0138
"2026-05-10 11:26:02",6.24569,14.7683
"2026-05-10 11:26:03",7.93113,14.5534
"2026-05-10 11:26:04",8.49202,14.6301
"2026-05-10 11:26:05",8.76442,14.7529
"2026-05-10 11:26:06",8.66335,14.9371
"2026-05-10 11:26:07",8.29119,15.0445
"2026-05-10 11:26:08",8.01881,15.0599
"2026-05-10 11:26:09",7.86629,15.1059
"2026-05-10 11:26:10",7.8096,15.0292
"2026-05-10 11:26:11",7.84555,15.0138
"2026-05-10 11:26:13",7.88339,14.9985
"2026-05-10 11:26:14",7.90318,14.9678
"2026-05-10 11:26:15",7.94557,14.9524
"2026-05-10 11:26:16",7.96841,14.9678
"2026-05-10 11:26:17",7.9462,14.9524
"2026-05-10 11:26:18",7.99267,14.9831
"2026-05-10 11:26:19",7.96965,14.9831
"2026-05-10 11:26:20",7.97007,14.9831
"2026-05-10 11:26:21",7.97049,14.9678
"2026-05-10 11:26:22",7.9709,14.9831
"2026-05-10 11:26:23",7.97132,14.9831
"2026-05-10 11:26:24",7.92738,14.9371
"2026-05-10 11:26:25",7.94912,14.9678
"2026-05-10 11:26:26",7.97197,14.9371
"2026-05-10 11:26:27",8.02077,14.9371
"2026-05-10 11:26:28",7.99686,14.9371
"2026-05-10 11:26:29",8.02222,15.0906
"2026-05-10 11:26:30",7.9983,14.9831
"2026-05-10 11:26:31",7.40321,14.9217
"2026-05-10 11:26:32",7.92616,14.8603
"2026-05-10 11:26:33",8.04477,14.8603
"2026-05-10 11:26:34",8.16145,14.891
"2026-05-10 11:26:35",8.16328,14.9524
"2026-05-10 11:26:36",8.10485,14.9831
"2026-05-10 11:26:37",8.00024,14.9985
"2026-05-10 11:26:38",7.97719,14.9985
"2026-05-10 11:26:39",7.95494,14.9831
"2026-05-10 11:26:40",7.95516,14.9524
"2026-05-10 11:26:41",7.95538,14.9524
"2026-05-10 11:26:42",7.9556,14.9524
"2026-05-10 11:26:43",7.97849,14.9524
"2026-05-10 11:26:44",8.02735,14.9524
"2026-05-10 11:26:45",8.02817,14.9524
"2026-05-10 11:26:46",8.00423,14.9831
"2026-05-10 11:26:47",8.00486,14.9678
"2026-05-10 11:26:48",7.93733,14.9678
"2026-05-10 11:26:49",7.9164,14.9524
"2026-05-10 11:26:50",7.98163,14.9678
"2026-05-10 11:26:51",8.00574,14.9524
"2026-05-10 11:26:52",8.00637,14.9371
"2026-05-10 11:26:53",7.9833,14.9678
"2026-05-10 11:26:54",8.00742,14.9678
"2026-05-10 11:26:55",8.00846,14.9678
"2026-05-10 11:26:56",8.00909,14.9678
"2026-05-10 11:26:58",7.98664,14.9831
"2026-05-10 11:26:59",7.94255,14.9831
"2026-05-10 11:27:00",7.96437,14.9985
"2026-05-10 11:27:01",7.9873,14.9831
"2026-05-10 11:27:02",7.96501,14.9831
"2026-05-10 11:27:03",7.98795,14.9678
"2026-05-10 11:27:04",7.98837,14.9678
"2026-05-10 11:27:05",7.96608,14.9831
"2026-05-10 11:27:06",7.94449,14.9831
"2026-05-10 11:27:07",7.92352,14.9831
"2026-05-10 11:27:08",7.92334,14.9524
"2026-05-10 11:27:09",7.98868,14.9524
"2026-05-10 11:27:10",7.9891,14.9524
"2026-05-10 11:27:11",7.98953,14.9678
"2026-05-10 11:27:12",7.96722,14.9831
"2026-05-10 11:27:13",7.96745,14.9831
"2026-05-10 11:27:14",7.96767,14.9678
"2026-05-10 11:27:15",7.99062,14.9678
"2026-05-10 11:27:16",7.96831,15.597
"2026-05-10 11:27:17",7.99126,14.9678
"2026-05-10 11:27:18",8.01542,14.9524
"2026-05-10 11:27:19",7.99232,14.9678
"2026-05-10 11:27:20",7.92717,14.9831
"2026-05-10 11:27:21",7.96983,14.9524
"2026-05-10 11:27:22",7.97005,14.9831
"2026-05-10 11:27:23",7.99301,14.9678
"2026-05-10 11:27:24",7.99343,14.9678
"2026-05-10 11:27:25",7.94929,14.9985
"2026-05-10 11:27:26",7.97114,15.0292
"2026-05-10 11:27:27",7.58891,14.9831
"2026-05-10 11:27:28",8.0142,14.891
"2026-05-10 11:27:29",8.03963,14.9217
"2026-05-10 11:27:30",8.12185,14.9217
"2026-05-10 11:27:31",8.06786,14.9524
"2026-05-10 11:27:32",8.04296,15.0292
"2026-05-10 11:27:33",8.01898,14.9831
"2026-05-10 11:27:34",7.99587,15.0906
"2026-05-10 11:27:35",7.9517,14.9831
"2026-05-10 11:27:36",7.95172,15.4435
"2026-05-10 11:27:37",6.13955,14.9524
"2026-05-10 11:27:38",7.94172,14.5534
"2026-05-10 11:27:39",8.32323,14.5687
"2026-05-10 11:27:40",8.79513,14.6455
"2026-05-10 11:27:41",8.77726,14.799
"2026-05-10 11:27:42",8.373,14.9831
"2026-05-10 11:27:43",8.08318,15.0599
"2026-05-10 11:27:44",7.85847,15.0752
"2026-05-10 11:27:45",7.83897,15.0906
"2026-05-10 11:27:46",7.85677,15.0445
"2026-05-10 11:27:47",7.85602,15.0138
"2026-05-10 11:27:48",7.894,15.0138
"2026-05-10 11:27:49",7.93479,14.9985
"2026-05-10 11:27:50",7.93481,15.0138
"2026-05-10 11:27:51",7.93483,14.9831
"2026-05-10 11:27:52",7.95661,14.9678
"2026-05-10 11:27:53",7.95683,15.0138
"2026-05-10 11:27:54",7.93528,14.9678
"2026-05-10 11:27:55",7.95707,14.9678
"2026-05-10 11:27:56",7.95728,14.9985
"2026-05-10 11:27:57",7.9575,14.9678
"2026-05-10 11:27:58",7.9804,14.9678
"2026-05-10 11:27:59",7.93637,14.9831
"2026-05-10 11:28:00",7.98084,15.0599
"2026-05-10 11:28:01",7.95858,14.9678
"2026-05-10 11:28:02",7.98149,14.9985
"2026-05-10 11:28:03",7.95922,14.9831
"2026-05-10 11:28:04",7.95944,15.0138
"2026-05-10 11:28:05",7.95966,14.9678
"2026-05-10 11:28:06",7.98257,15.0138
"2026-05-10 11:28:07",7.93852,14.9985
"2026-05-10 11:28:08",7.91758,14.9985
"2026-05-10 11:28:09",7.9174,14.9985
"2026-05-10 11:28:10",7.91722,14.9985
"2026-05-10 11:28:11",7.91722,15.1519
"2026-05-10 11:28:12",7.70914,14.9678
"2026-05-10 11:28:13",7.9574,14.9217
"2026-05-10 11:28:14",8.02877,14.9371
"2026-05-10 11:28:15",8.05551,14.9524
"2026-05-10 11:28:16",8.03063,14.9831
"2026-05-10 11:28:17",7.27038,14.9217
"2026-05-10 11:28:18",7.93298,14.8297
"2026-05-10 11:28:19",8.10715,14.8143
"2026-05-10 11:28:20",7.93441,14.8757
"2026-05-10 11:28:21",8.16888,14.8757
"2026-05-10 11:28:22",8.17072,14.9371
"2026-05-10 11:28:23",8.11231,14.9985
"2026-05-10 11:28:24",8.00763,15.0599
"2026-05-10 11:28:25",7.96186,15.0445
"2026-05-10 11:28:26",7.91932,15.0599
"2026-05-10 11:28:27",7.89888,15.0599
"2026-05-10 11:28:28",7.87886,17.009
"2026-05-10 11:28:29",7.89794,15.0138
"2026-05-10 11:28:30",6.18628,14.845
"2026-05-10 11:28:31",7.91913,14.5841
"2026-05-10 11:28:32",8.50111,14.6301
"2026-05-10 11:28:33",8.77238,14.7529
"2026-05-10 11:28:34",8.64187,14.9524
"2026-05-10 11:28:35",7.64324,14.9985
"2026-05-10 11:28:36",7.97437,14.9371
"2026-05-10 11:28:37",7.97479,14.9371
"2026-05-10 11:28:38",8.02361,14.9831
"2026-05-10 11:28:40",7.99968,14.9831
"2026-05-10 11:28:41",7.93223,14.9831
"2026-05-10 11:28:42",7.93225,14.9831
"2026-05-10 11:28:43",7.97668,14.9985
"2026-05-10 11:28:44",7.95443,14.9831
"2026-05-10 11:28:45",7.95465,15.0138
"2026-05-10 11:28:46",7.95487,14.9831
"2026-05-10 11:28:47",7.95509,14.9831
"2026-05-10 11:28:48",7.93356,15.0138
"2026-05-10 11:28:49",7.95533,14.9678
"2026-05-10 11:28:50",7.93379,14.9985
"2026-05-10 11:28:51",7.97824,14.9678
"2026-05-10 11:28:52",7.85435,14.9678
"2026-05-10 11:28:53",7.95521,14.9524
"2026-05-10 11:28:54",9.99958,15.0752
"2026-05-10 11:28:55",9.99964,15.2747
"2026-05-10 11:28:56",9.99957,15.4435
"2026-05-10 11:28:57",9.99937,15.6891
"2026-05-10 11:28:58",9.99819,15.95
"2026-05-10 11:28:59",9.99789,16.1649
"2026-05-10 11:29:00",9.99778,16.3337
"2026-05-10 11:29:01",9.99775,16.5332
"2026-05-10 11:29:03",9.99774,16.6867
"2026-05-10 11:29:04",9.99774,17.009
"2026-05-10 11:29:05",9.99774,17.1624
"2026-05-10 11:29:06",9.99773,17.3313
"2026-05-10 11:29:07",9.99771,17.4847
"2026-05-10 11:29:08",9.99766,17.6689
"2026-05-10 11:29:09",9.99751,17.7763
"2026-05-10 11:29:10",9.99729,17.9451
"2026-05-10 11:29:11",9.99676,18.0833
"2026-05-10 11:29:12",9.99542,18.2367
"2026-05-10 11:29:13",9.99615,18.3595
"2026-05-10 11:29:14",9.99595,18.5283
"2026-05-10 11:29:15",9.9958,18.6511
"2026-05-10 11:29:16",9.99573,18.7892
"2026-05-10 11:29:17",9.99564,18.9427
"2026-05-10 11:29:18",9.99553,19.0808
"2026-05-10 11:29:19",9.99537,19.219
"2026-05-10 11:29:20",9.99514,19.3417
"2026-05-10 11:29:21",9.99487,21.6745
"2026-05-10 11:29:22",9.99457,19.6026
"2026-05-10 11:29:23",9.9943,19.7408
"2026-05-10 11:29:24",9.99408,19.8635
"2026-05-10 11:29:25",9.99391,21.8894
"2026-05-10 11:29:26",9.99378,20.1091
"2026-05-10 11:29:28",9.9632,20.2165
"2026-05-10 11:29:29",9.9936,20.3547
"2026-05-10 11:29:30",9.9935,20.4774
"2026-05-10 11:29:31",9.99333,20.6156
"2026-05-10 11:29:32",9.99226,20.723
"2026-05-10 11:29:33",9.98823,20.8458
"2026-05-10 11:29:34",9.98019,20.9378
"2026-05-10 11:29:35",9.9712,21.0299
"2026-05-10 11:29:36",9.96889,21.1681
"2026-05-10 11:29:37",9.96849,21.2448
"2026-05-10 11:29:38",9.96814,21.3983
"2026-05-10 11:29:39",9.96798,21.4903
"2026-05-10 11:29:40",9.96778,21.5824
"2026-05-10 11:29:41",9.96755,21.6899
"2026-05-10 11:29:42",9.96741,21.7973
"2026-05-10 11:29:43",9.96721,22.0428
"2026-05-10 11:29:44",9.96702,22.0122
"2026-05-10 11:29:45",9.96676,22.0889
"2026-05-10 11:29:46",9.96655,22.2117
"2026-05-10 11:29:47",9.96625,22.3191
"2026-05-10 11:29:48",9.96591,22.3805
"2026-05-10 11:29:49",9.96548,22.5033
"2026-05-10 11:29:50",9.96513,22.6107
"2026-05-10 11:29:51",9.96455,22.6721
"2026-05-10 11:29:52",9.96385,22.7488
"2026-05-10 11:29:53",9.96315,22.8256
"2026-05-10 11:29:54",9.96277,22.9637
"2026-05-10 11:29:55",9.9616,23.0097
"2026-05-10 11:29:56",9.95895,23.0865
"2026-05-10 11:29:57",9.9247,23.1632
"2026-05-10 11:29:58",9.80052,23.3167
"2026-05-10 11:29:59",9.58558,23.5776
"2026-05-10 11:30:00",9.10117,23.4087
"2026-05-10 11:30:01",8.99984,23.5469
"2026-05-10 11:30:02",8.65816,23.6083
"2026-05-10 11:30:03",8.54347,23.639
"2026-05-10 11:30:04",8.41242,23.6543
"2026-05-10 11:30:05",8.41446,23.639
"2026-05-10 11:30:06",8.03293,23.6543
"2026-05-10 11:30:07",8.38222,23.5776
"2026-05-10 11:30:08",8.58117,23.5315
"2026-05-10 11:30:09",8.66716,23.5315
"2026-05-10 11:30:10",8.64144,23.6083
"2026-05-10 11:30:11",8.55609,23.6697
"2026-05-10 11:30:12",8.46154,23.6543
"2026-05-10 11:30:13",8.35961,23.8078
"2026-05-10 11:30:14",8.46418,23.639
"2026-05-10 11:30:15",8.32741,23.639
"2026-05-10 11:30:16",8.46653,23.5929
"2026-05-10 11:30:17",8.56244,23.6083
"2026-05-10 11:30:18",8.56343,23.5929
"2026-05-10 11:30:19",8.56434,23.5929
"2026-05-10 11:30:20",8.53489,23.6236
"2026-05-10 11:30:21",8.50446,23.639
"2026-05-10 11:30:22",8.47311,23.639
"2026-05-10 11:30:23",8.47389,23.639
"2026-05-10 11:30:24",8.44174,23.6697
"2026-05-10 11:30:25",8.40893,23.6697
"2026-05-10 11:30:26",8.4758,23.5929
"2026-05-10 11:30:27",8.53902,23.5929
"2026-05-10 11:30:28",8.5979,23.639
"2026-05-10 11:30:29",8.50911,23.6543
"2026-05-10 11:30:30",8.44538,23.6543
"2026-05-10 11:30:31",8.44577,23.6543
"2026-05-10 11:30:32",8.44611,23.639
"2026-05-10 11:30:33",8.44642,23.639
"2026-05-10 11:30:34",8.47897,23.639
"2026-05-10 11:30:35",8.47917,23.6543
"2026-05-10 11:30:36",8.47933,23.6543
"2026-05-10 11:30:37",8.44732,23.6543
"2026-05-10 11:30:38",8.41466,23.6543
"2026-05-10 11:30:39",8.47963,23.6236
"2026-05-10 11:30:40",8.51089,23.6236
"2026-05-10 11:30:41",8.47972,23.6236
"2026-05-10 11:30:42",8.47973,23.639
"2026-05-10 11:30:43",8.44777,23.639
"2026-05-10 11:30:44",8.4797,23.6236
"2026-05-10 11:30:45",8.51075,23.6083
"2026-05-10 11:30:46",8.51069,23.6083
"2026-05-10 11:30:47",8.54073,23.6236
"2026-05-10 11:30:49",8.44764,23.639
"2026-05-10 11:30:50",8.4476,23.6543
"2026-05-10 11:30:51",8.44756,23.639
"2026-05-10 11:30:52",8.44753,23.6543
"2026-05-10 11:30:53",8.4793,23.6236
"2026-05-10 11:30:54",8.18536,23.8845
"2026-05-10 11:30:55",8.47926,23.7924
"2026-05-10 11:30:56",8.56938,23.5776
"2026-05-10 11:30:57",8.62462,23.5929
"2026-05-10 11:30:58",8.56945,23.6236
"2026-05-10 11:30:59",8.56952,23.6543
"2026-05-10 11:31:00",8.47945,23.639
"2026-05-10 11:31:01",8.44775,23.6543
"2026-05-10 11:31:02",8.47968,23.6543
"2026-05-10 11:31:03",8.41551,23.6543
"2026-05-10 11:31:04",8.44816,23.639
"2026-05-10 11:31:05",8.4802,23.639
"2026-05-10 11:31:06",8.31628,23.6083
"2026-05-10 11:31:07",8.48064,23.5929
"2026-05-10 11:31:42",8.62683,23.5929
"2026-05-10 11:31:44",8.48219,23.639
"2026-05-10 11:31:45",8.51604,23.639
"2026-05-10 11:31:46",8.45214,23.6543
"2026-05-10 11:31:47",8.4867,23.6543
"2026-05-10 11:31:48",8.48824,23.639
"2026-05-10 11:31:49",8.48981,23.6697
"2026-05-10 11:31:50",8.49141,23.685
"2026-05-10 11:31:51",8.39214,23.6697
"2026-05-10 11:31:52",8.42763,23.6697
"2026-05-10 11:31:53",8.49593,23.685
"2026-05-10 11:31:54",8.4976,23.8538
"2026-05-10 11:31:55",8.49928,23.639
"2026-05-10 11:31:56",8.4679,23.8385
"2026-05-10 11:31:57",8.46954,23.6543
"2026-05-10 11:31:58",8.50428,23.6697
"2026-05-10 11:31:59",8.50602,23.6697
"2026-05-10 11:32:00",8.54004,23.6697
"2026-05-10 11:32:01",8.4766,23.639
"2026-05-10 11:32:02",8.54355,23.6697
"2026-05-10 11:32:03",8.48021,23.6697
"2026-05-10 11:32:04",8.51493,23.7003
"2026-05-10 11:32:05",8.48379,23.7003
"2026-05-10 11:32:06",8.45196,23.7003
"2026-05-10 11:32:07",8.38536,23.6697
"2026-05-10 11:32:08",8.48876,23.6543
"2026-05-10 11:32:09",8.5234,23.6543
"2026-05-10 11:32:10",8.52524,23.639
"2026-05-10 11:32:11",8.55903,23.685
"2026-05-10 11:32:12",8.52901,23.7003
"2026-05-10 11:32:13",8.49814,23.7157
"2026-05-10 11:32:14",8.43266,23.685
"2026-05-10 11:32:15",8.40019,23.6543
"2026-05-10 11:32:16",8.43596,23.6236
"2026-05-10 11:32:17",8.50476,23.639
"2026-05-10 11:32:18",8.50657,23.6236
"2026-05-10 11:32:19",8.30548,23.6236
"2026-05-10 11:32:20",8.5737,23.6083
"2026-05-10 11:32:21",8.57555,23.6543
"2026-05-10 11:32:22",8.63715,24.4217
"2026-05-10 11:32:23",8.60975,23.7157
"2026-05-10 11:32:24",8.54998,23.7157
"2026-05-10 11:32:25",8.31783,23.731
"2026-05-10 11:32:26",8.31926,23.6697
"2026-05-10 11:32:27",8.42205,23.8385
"2026-05-10 11:32:28",8.55571,23.6543
"2026-05-10 11:32:29",7.73107,23.5315
"2026-05-10 11:32:30",8.55635,23.7771
"2026-05-10 11:32:31",8.77596,23.5622
"2026-05-10 11:32:32",8.23148,23.639
"2026-05-10 11:32:33",8.73028,23.5776
"2026-05-10 11:32:34",8.56365,23.6083
"2026-05-10 11:32:35",8.73321,23.6543
"2026-05-10 11:32:36",8.65623,23.685
"2026-05-10 11:32:38",8.59999,23.7157
"2026-05-10 11:32:39",8.5397,23.7464
"2026-05-10 11:32:40",8.44309,23.7617
"2026-05-10 11:32:41",8.34467,23.731
"2026-05-10 11:32:42",8.37922,23.7464
"2026-05-10 11:32:43",8.48044,23.7003
"2026-05-10 11:32:44",8.44895,23.685
"2026-05-10 11:32:45",8.48348,23.6697
"2026-05-10 11:32:46",8.35274,23.7924
"2026-05-10 11:32:47",8.51869,23.6543
"2026-05-10 11:32:48",8.58286,23.6543
"2026-05-10 11:32:49",8.58438,23.7771
"2026-05-10 11:32:50",8.58588,23.731
"2026-05-10 11:32:51",8.493,23.7157
"2026-05-10 11:32:52",8.29953,23.7157
"2026-05-10 11:32:53",8.46294,23.7003
"2026-05-10 11:32:54",8.49682,23.7003
"2026-05-10 11:32:55",8.49825,23.6697
"2026-05-10 11:32:56",8.27509,23.6697
"2026-05-10 11:32:57",8.46825,23.6543
"2026-05-10 11:32:58",8.53364,23.6697
"2026-05-10 11:32:59",8.56604,23.7617
"2026-05-10 11:33:00",8.59753,23.7157
"2026-05-10 11:33:01",8.50634,23.731
"2026-05-10 11:33:02",8.47569,23.8999
"2026-05-10 11:33:03",7.19435,23.7157
"2026-05-10 11:33:04",8.47566,23.5162
"2026-05-10 11:33:05",8.8246,23.731
"2026-05-10 11:33:06",9.02191,23.5469
"2026-05-10 11:33:07",8.80554,23.6083
"2026-05-10 11:33:08",8.71478,23.7003
"2026-05-10 11:33:09",8.51706,23.7617
"2026-05-10 11:33:10",8.39162,23.7924
"2026-05-10 11:33:11",8.36146,23.7771
"2026-05-10 11:33:12",8.33181,23.7157
"2026-05-10 11:33:13",8.4263,23.9613
"2026-05-10 11:33:14",8.49056,23.6543
"2026-05-10 11:33:15",8.61288,23.6697
"2026-05-10 11:33:16",8.61396,23.7157
"2026-05-10 11:33:17",8.52542,23.7157
"2026-05-10 11:33:18",8.40163,23.7617
"2026-05-10 11:33:19",8.40266,23.7464
"2026-05-10 11:33:20",8.43482,23.7157
"2026-05-10 11:33:21",8.49821,23.7003
"2026-05-10 11:33:22",8.49924,23.7003
"2026-05-10 11:33:23",8.56128,23.7157
"2026-05-10 11:33:24",8.53205,23.7157
"2026-05-10 11:33:25",8.5024,23.7157
"2026-05-10 11:33:26",8.50337,23.731
"2026-05-10 11:33:27",8.50433,23.7157
"2026-05-10 11:33:28",8.53576,23.7157
"2026-05-10 11:33:29",8.47556,23.7617
"2026-05-10 11:33:30",8.44573,23.7617
"2026-05-10 11:33:31",8.44664,23.7464
"2026-05-10 11:33:32",8.417,23.7157
"2026-05-10 11:33:33",8.44835,23.7464
"2026-05-10 11:33:34",8.47978,23.7157
"2026-05-10 11:33:35",8.45013,23.8385
"2026-05-10 11:33:36",8.48145,23.731
"2026-05-10 11:33:37",8.51265,23.731
"2026-05-10 11:33:38",8.51349,23.7617
"2026-05-10 11:33:39",8.48404,23.7771
"2026-05-10 11:33:40",8.39454,23.7924
"2026-05-10 11:33:41",8.36599,23.7771
"2026-05-10 11:33:42",8.42578,23.7617
"2026-05-10 11:33:43",8.45661,23.731
"2026-05-10 11:33:44",8.48754,23.731
"2026-05-10 11:33:45",8.4883,23.731
"2026-05-10 11:33:46",8.42903,23.731
"2026-05-10 11:33:47",8.45966,23.7157
"2026-05-10 11:33:48",8.4904,23.7157
"2026-05-10 11:33:49",8.52103,23.7157
"2026-05-10 11:33:50",8.52175,23.7464
"2026-05-10 11:33:51",8.52246,23.7617
"2026-05-10 11:33:52",8.4635,23.7771
"2026-05-10 11:33:53",8.37631,23.7617
"2026-05-10 11:33:54",8.40576,23.731
"2026-05-10 11:33:55",8.4357,23.7157
"2026-05-10 11:33:56",8.52535,23.7157
"2026-05-10 11:33:57",8.37917,23.7157
"2026-05-10 11:33:58",8.49687,23.7157
"2026-05-10 11:33:59",8.49751,23.731
"2026-05-10 11:34:00",8.5277,23.7157
"2026-05-10 11:34:01",8.52833,23.7157
"2026-05-10 11:34:02",8.58697,23.7464
"2026-05-10 11:34:03",8.55883,23.7617
"2026-05-10 11:34:04",8.44202,23.7924
"2026-05-10 11:34:05",8.41363,23.7617
"2026-05-10 11:34:06",8.41363,23.7464
"2026-05-10 11:34:07",8.41418,23.7157
"2026-05-10 11:34:08",8.44365,23.7157
"2026-05-10 11:34:09",8.56178,23.7157
"2026-05-10 11:34:10",8.53333,23.731
"2026-05-10 11:34:11",8.53388,23.7003
"2026-05-10 11:34:12",8.53443,23.7464
"2026-05-10 11:34:13",8.53497,23.7924
"2026-05-10 11:34:15",8.41924,23.731
"2026-05-10 11:34:16",8.50671,23.7003
"2026-05-10 11:34:17",8.50723,23.7464
"2026-05-10 11:34:18",8.50774,23.7771
"2026-05-10 11:34:19",8.36595,23.7771
"2026-05-10 11:34:20",8.28958,23.7464
"2026-05-10 11:34:21",8.4222,23.731
"2026-05-10 11:34:22",8.50929,23.7157
"2026-05-10 11:34:23",8.50978,23.731
"2026-05-10 11:34:24",8.53926,24.0687
"2026-05-10 11:34:25",8.51077,23.7003
"2026-05-10 11:34:26",8.22641,23.731
"2026-05-10 11:34:27",8.3971,23.639
"2026-05-10 11:34:28",8.56939,23.6543
"2026-05-10 11:34:29",8.62568,23.6697
"2026-05-10 11:34:30",8.57038,23.9152
"2026-05-10 11:34:31",8.57084,23.8231
"2026-05-10 11:34:32",8.54271,23.9613
"2026-05-10 11:34:33",8.51433,23.7771
"2026-05-10 11:34:34",8.42882,23.7771
"2026-05-10 11:34:35",8.40139,23.7771
"2026-05-10 11:34:36",8.40177,23.731
"2026-05-10 11:34:37",8.42995,23.7157
"2026-05-10 11:34:38",8.48732,23.7157
"2026-05-10 11:34:39",8.51653,23.731
"2026-05-10 11:34:40",8.54566,23.731
"2026-05-10 11:34:41",8.07796,23.7157
"2026-05-10 11:34:42",8.4599,23.6697
"2026-05-10 11:34:43",8.57479,23.6543
"2026-05-10 11:34:44",8.65714,23.685
"2026-05-10 11:34:45",8.65755,23.7464
"2026-05-10 11:34:46",8.54777,23.7617
"2026-05-10 11:34:47",8.54816,23.7924
"2026-05-10 11:34:48",8.54816,23.7771
"2026-05-10 11:34:49",8.46274,23.7771
"2026-05-10 11:34:50",8.35423,23.7924
"2026-05-10 11:34:51",8.38098,23.8078
"2026-05-10 11:34:52",8.40821,23.7617
"2026-05-10 11:34:53",8.40854,23.7157
"2026-05-10 11:34:54",8.49307,23.7157
"2026-05-10 11:34:55",8.55058,23.7003
"2026-05-10 11:34:56",8.55095,23.731
"2026-05-10 11:34:57",8.5228,23.7617
"2026-05-10 11:34:58",8.49459,23.7617
"2026-05-10 11:34:59",8.49493,23.7617
"2026-05-10 11:35:00",8.43879,23.7617
"2026-05-10 11:35:01",8.33369,23.7157
"2026-05-10 11:35:02",8.52433,23.7157
"2026-05-10 11:35:03",8.55313,23.7157
"2026-05-10 11:35:04",8.55348,23.7617
"2026-05-10 11:35:05",8.5254,23.7464
"2026-05-10 11:35:06",8.55416,23.7924
"2026-05-10 11:35:07",8.44123,23.8078
"2026-05-10 11:36:44",8.38724,23.7617
"2026-05-10 11:36:46",8.54965,23.7771
"2026-05-10 11:36:47",8.52181,23.7771
"2026-05-10 11:36:48",8.46617,23.7771
"2026-05-10 11:36:49",8.46636,23.7771
"2026-05-10 11:36:50",8.46655,23.7617
"2026-05-10 11:36:51",8.46674,23.7771
"2026-05-10 11:36:52",8.43954,23.7464
"2026-05-10 11:36:53",8.49492,23.731
"2026-05-10 11:36:54",8.55121,23.731
"2026-05-10 11:36:55",8.55144,23.7617
"2026-05-10 11:36:56",8.49557,23.7771
"2026-05-10 11:36:57",8.46796,23.7617
"2026-05-10 11:36:58",8.46815,23.8385
"2026-05-10 11:36:59",8.46815,23.7157
"2026-05-10 11:37:00",8.52418,23.731
"2026-05-10 11:37:01",8.36318,23.7157
"2026-05-10 11:37:02",8.58064,23.7157
"2026-05-10 11:37:03",8.55304,23.7157
"2026-05-10 11:37:04",8.52522,23.7157
"2026-05-10 11:37:05",8.4974,23.7157
"2026-05-10 11:37:06",8.55366,23.7617
"2026-05-10 11:37:07",8.5817,23.7617
"2026-05-10 11:37:08",8.58193,23.7771
"2026-05-10 11:37:09",8.49829,23.7771
"2026-05-10 11:37:10",8.20471,23.7157
"2026-05-10 11:37:11",8.44327,23.7003
"2026-05-10 11:37:12",8.58254,23.7157
"2026-05-10 11:37:13",6.10539,23.332
"2026-05-10 11:37:14",5.88193,22.7642
"2026-05-10 11:37:15",5.8879,22.1349
"2026-05-10 11:37:16",6.01643,21.521
"2026-05-10 11:37:17",6.15698,20.9685
"2026-05-10 11:37:18",6.25909,20.8304
"2026-05-10 11:37:19",6.32033,20.0017
"2026-05-10 11:37:21",6.30181,19.5413
"2026-05-10 11:37:22",6.3816,19.0962
"2026-05-10 11:37:23",6.40416,18.6511
"2026-05-10 11:37:24",6.4195,18.2214
"2026-05-10 11:37:25",6.43083,17.7456
"2026-05-10 11:37:26",6.43974,17.3619
"2026-05-10 11:37:27",6.44652,16.9629
"2026-05-10 11:37:28",6.40611,16.5485
"2026-05-10 11:37:29",6.45452,16.1802
"2026-05-10 11:37:30",6.4567,15.7965
"2026-05-10 11:37:31",6.45796,15.3975
"2026-05-10 11:37:32",6.45863,15.0138
"2026-05-10 11:37:33",6.45863,14.6608
"2026-05-10 11:37:34",6.45863,14.3232
"2026-05-10 11:37:35",6.45845,13.9856
"2026-05-10 11:37:36",6.4588,13.5865
"2026-05-10 11:37:37",6.46291,13.2335
"2026-05-10 11:37:38",6.47734,12.9266
"2026-05-10 11:37:39",6.51953,12.5736
"2026-05-10 11:37:40",6.60744,12.2974
"2026-05-10 11:37:41",6.76549,12.0518
"2026-05-10 11:37:42",6.85941,11.8523
"2026-05-10 11:37:43",6.89624,11.6835
"2026-05-10 11:37:44",6.9114,11.53
"2026-05-10 11:37:45",6.91674,11.3765
"2026-05-10 11:37:46",6.91776,11.2231
"2026-05-10 11:37:47",6.91592,11.1156
"2026-05-10 11:37:48",6.91632,10.9161
"2026-05-10 11:37:49",6.96369,10.778
"2026-05-10 11:37:50",7.04717,10.6399
"2026-05-10 11:37:51",7.23238,10.5171
"2026-05-10 11:37:52",7.43698,10.4557
"2026-05-10 11:37:53",7.55904,10.3943
"2026-05-10 11:37:54",7.71853,10.379
"2026-05-10 11:37:55",7.74328,10.4097
"2026-05-10 11:37:56",7.72302,10.4097
"2026-05-10 11:37:57",7.70164,10.4557
"2026-05-10 11:37:58",7.65337,10.4864
"2026-05-10 11:37:59",7.60114,10.471
"2026-05-10 11:38:00",7.54571,10.4864
"2026-05-10 11:38:01",7.54816,10.4864
"2026-05-10 11:38:02",7.55055,10.4403
"2026-05-10 11:38:03",7.61084,10.4557
"2026-05-10 11:38:04",7.66779,10.4403
"2026-05-10 11:38:05",7.66982,10.4864
"2026-05-10 11:38:06",7.64485,12.0211
"2026-05-10 11:38:07",7.61895,10.471
"2026-05-10 11:38:08",7.59223,10.471
"2026-05-10 11:38:09",7.59423,10.471
"2026-05-10 11:38:10",7.62494,10.5938
"2026-05-10 11:38:11",7.65477,10.4557
"2026-05-10 11:38:12",7.65656,10.4557
"2026-05-10 11:38:13",7.6583,10.4864
"2026-05-10 11:38:14",7.63199,10.471
"2026-05-10 11:38:15",7.60487,10.5017
"2026-05-10 11:38:16",7.63543,10.471
"2026-05-10 11:38:17",7.63705,10.4864
"2026-05-10 11:38:18",7.63865,10.471
"2026-05-10 11:38:19",7.64021,10.471
"2026-05-10 11:38:20",7.61283,10.4864
"2026-05-10 11:38:21",7.61435,10.5171
"2026-05-10 11:38:22",7.61584,10.5017
"2026-05-10 11:38:23",7.58767,10.4864
"2026-05-10 11:38:24",7.58912,10.471
"2026-05-10 11:38:25",7.58912,10.4864
"2026-05-10 11:38:26",7.62018,10.4403
"2026-05-10 11:38:28",7.68127,10.4557
"2026-05-10 11:38:29",7.70978,10.4557
"2026-05-10 11:38:30",7.65536,10.4864
"2026-05-10 11:38:31",7.65654,10.5017
"2026-05-10 11:38:32",7.62863,10.5017
"2026-05-10 11:38:33",7.56981,10.5171
"2026-05-10 11:38:34",7.63097,10.471
"2026-05-10 11:38:35",7.60231,10.4557
"2026-05-10 11:38:36",7.63315,10.5171
"2026-05-10 11:38:37",7.66329,10.471
"2026-05-10 11:38:38",7.69261,10.471
"2026-05-10 11:38:39",7.66521,10.4864
"2026-05-10 11:38:40",7.63702,10.5171
"2026-05-10 11:38:41",7.60816,10.4864
"2026-05-10 11:38:42",7.6091,10.4864
"2026-05-10 11:38:43",7.66899,10.5017
"2026-05-10 11:38:44",7.64067,10.5171
"2026-05-10 11:38:45",7.61168,10.5017
"2026-05-10 11:38:46",7.58218,10.5171
"2026-05-10 11:38:47",7.61338,10.4864
"2026-05-10 11:38:48",7.58381,10.4864
"2026-05-10 11:38:49",7.58461,10.4864
"2026-05-10 11:38:50",7.61577,10.471
"2026-05-10 11:38:51",7.67562,10.5017
"2026-05-10 11:38:52",7.61718,10.5171
"2026-05-10 11:38:53",7.61788,10.5171
"2026-05-10 11:38:54",7.58815,10.5324
"2026-05-10 11:38:55",7.58883,10.5171
"2026-05-10 11:38:56",7.55872,10.5171
"2026-05-10 11:38:57",7.55937,10.5017
"2026-05-10 11:38:58",7.59078,10.4864
"2026-05-10 11:38:59",7.62183,10.471
"2026-05-10 11:39:00",7.65236,10.471
"2026-05-10 11:39:01",7.59249,10.4864
"2026-05-10 11:39:02",7.68279,10.4864
"2026-05-10 11:39:03",7.6833,10.5171
"2026-05-10 11:39:04",7.62449,10.5171
"2026-05-10 11:39:05",7.5945,10.5171
"2026-05-10 11:39:06",7.595,10.5171
"2026-05-10 11:39:07",7.56465,10.5017
"2026-05-10 11:39:08",7.59596,10.5017
"2026-05-10 11:39:09",7.59641,10.5017
"2026-05-10 11:39:10",7.62735,10.5017
"2026-05-10 11:39:11",7.65779,10.5171
"2026-05-10 11:39:12",7.00803,10.4557
"2026-05-10 11:39:13",7.62897,10.3943
"2026-05-10 11:39:14",7.77187,10.3943
"2026-05-10 11:39:15",7.84604,10.4403
"2026-05-10 11:39:16",7.77248,10.471
"2026-05-10 11:39:17",7.71829,10.5017
"2026-05-10 11:39:18",7.66054,10.4864
"2026-05-10 11:39:19",7.56935,10.5171
"2026-05-10 11:39:20",7.60056,10.5171
"2026-05-10 11:39:21",7.60086,10.5171
"2026-05-10 11:39:22",7.63172,10.5017
"2026-05-10 11:39:23",7.632,10.5171
"2026-05-10 11:39:24",7.60169,10.5171
"2026-05-10 11:39:25",7.60195,10.5171
"2026-05-10 11:39:26",7.57128,10.778
"2026-05-10 11:39:27",7.57152,10.5017
"2026-05-10 11:39:28",7.60268,10.5017
"2026-05-10 11:39:29",7.6029,10.5171
"2026-05-10 11:39:30",7.60311,10.5171
"2026-05-10 11:39:31",7.63393,10.5171
"2026-05-10 11:39:32",7.63413,10.471
"2026-05-10 11:39:33",7.63431,10.5017
"2026-05-10 11:39:34",7.63449,10.5171
"2026-05-10 11:39:35",7.60402,10.5171
"2026-05-10 11:39:36",7.60418,10.5017
"2026-05-10 11:39:37",7.63498,10.5171
"2026-05-10 11:39:38",7.63512,10.5631
"2026-05-10 11:39:39",7.6046,12.0518
"2026-05-10 11:39:40",7.6354,10.5631
"2026-05-10 11:39:41",7.60485,10.5171
"2026-05-10 11:39:42",7.45045,10.5171
"2026-05-10 11:39:43",7.54295,10.4864
"2026-05-10 11:39:44",7.60518,10.5017
"2026-05-10 11:39:45",7.63596,10.5324
"2026-05-10 11:39:46",7.66626,10.5171
"2026-05-10 11:39:47",7.63612,10.5324
"2026-05-10 11:39:48",7.63619,10.5785
"2026-05-10 11:39:49",7.57451,10.6092
"2026-05-10 11:39:51",7.57455,10.5324
"2026-05-10 11:39:52",7.51227,10.5324
"2026-05-10 11:39:53",7.57462,10.5324
"2026-05-10 11:39:54",7.54344,10.5171
"2026-05-10 11:39:55",7.57465,10.5171
"2026-05-10 11:39:56",7.57465,10.5171
"2026-05-10 11:39:57",7.57465,10.4864
"2026-05-10 11:39:58",7.57463,10.4864
"2026-05-10 11:39:59",7.66681,10.5017
"2026-05-10 11:40:00",7.6668,10.5171
"2026-05-10 11:40:01",7.63647,10.5324
"2026-05-10 11:40:02",7.60563,10.5324
"2026-05-10 11:40:03",7.60558,10.5478
"2026-05-10 11:40:04",7.54308,10.5478
"2026-05-10 11:40:05",7.51172,10.5171
"2026-05-10 11:40:06",7.57421,10.5171
"2026-05-10 11:40:07",7.57411,10.5171
"2026-05-10 11:40:08",7.60521,10.5324
"2026-05-10 11:40:09",7.6051,10.5324
"2026-05-10 11:40:10",7.57376,10.5478
"2026-05-10 11:40:11",7.57362,10.5478
"2026-05-10 11:40:12",7.54206,10.5324
"2026-05-10 11:40:13",7.5733,10.5171
"2026-05-10 11:40:14",7.54167,10.5171
"2026-05-10 11:40:15",7.60425,10.5017
"2026-05-10 11:40:16",7.60407,10.5171
"2026-05-10 11:40:17",7.57253,10.5171
"2026-05-10 11:40:18",7.60368,10.5171
"2026-05-10 11:40:19",7.60347,10.5017
"2026-05-10 11:40:20",7.603,10.5017
"2026-05-10 11:40:21",7.63389,10.5324
"2026-05-10 11:40:22",7.60249,10.5478
"2026-05-10 11:40:23",7.57068,10.5171
"2026-05-10 11:40:24",7.57035,10.5171
"2026-05-10 11:40:25",7.63282,10.5171
"2026-05-10 11:40:26",7.60125,10.5171
"2026-05-10 11:40:27",7.6009,10.5171
"2026-05-10 11:40:28",7.56886,10.5017
"2026-05-10 11:40:29",7.56842,10.5017
"2026-05-10 11:40:30",7.66201,10.5017
"2026-05-10 11:40:31",7.63076,10.5171
"2026-05-10 11:40:32",7.59889,10.5324
"2026-05-10 11:40:33",7.59842,10.5324
"2026-05-10 11:40:34",7.59793,10.5171
"2026-05-10 11:40:35",7.59742,10.5171
"2026-05-10 11:40:36",7.59688,10.5171
"2026-05-10 11:40:37",7.59632,10.5017
"2026-05-10 11:40:39",7.59574,10.5171
"2026-05-10 11:40:40",7.59512,10.5324
"2026-05-10 11:40:41",7.56226,10.5171
"2026-05-10 11:40:42",7.59309,10.5324
"2026-05-10 11:40:43",7.59236,10.5171
"2026-05-10 11:40:44",7.62366,10.5017
"2026-05-10 11:40:45",7.65451,10.4864
"2026-05-10 11:40:46",7.62223,10.5171
"2026-05-10 11:40:47",7.62146,10.5017
"2026-05-10 11:40:48",7.62066,10.6092
"2026-05-10 11:40:49",7.58744,10.5171
"2026-05-10 11:40:50",7.61893,10.5017
"2026-05-10 11:40:51",7.5855,10.5171
"2026-05-10 11:40:52",7.61706,10.5017
"2026-05-10 11:40:53",7.64818,10.4864
"2026-05-10 11:40:54",7.64818,10.5017
"2026-05-10 11:40:55",7.38273,10.5017
"2026-05-10 11:40:56",7.58096,10.471
"2026-05-10 11:40:57",7.67562,10.4557
"2026-05-10 11:40:58",7.70551,10.4557
"2026-05-10 11:40:59",7.70463,10.4864
"2026-05-10 11:41:00",7.67273,10.5017
"2026-05-10 11:41:01",7.63971,10.5017
"2026-05-10 11:41:02",7.60567,10.5171
"2026-05-10 11:41:03",7.57073,10.5017
"2026-05-10 11:41:04",7.60283,10.4864
"2026-05-10 11:41:05",7.60136,10.4864
"2026-05-10 11:41:06",6.77736,10.471
"2026-05-10 11:41:07",7.66021,10.3022
"2026-05-10 11:41:08",7.88118,10.2869
"2026-05-10 11:41:09",7.96294,10.3636
"2026-05-10 11:41:10",7.88007,10.4097
"2026-05-10 11:41:11",7.83103,10.4557
"2026-05-10 11:41:12",7.7178,10.5017
"2026-05-10 11:41:13",7.58572,10.5324
"2026-05-10 11:41:14",7.54905,10.5171
"2026-05-10 11:41:15",7.54695,10.4864
"2026-05-10 11:41:16",7.57978,10.4557
"2026-05-10 11:41:17",7.6458,10.471
"2026-05-10 11:41:18",7.61034,10.471
"2026-05-10 11:41:19",7.67507,10.4864
"2026-05-10 11:41:20",7.64046,10.471
"2026-05-10 11:41:21",7.60466,10.5017
"2026-05-10 11:41:22",7.63669,10.471
"2026-05-10 11:41:23",7.6348,10.471
"2026-05-10 11:41:24",7.59871,10.5017
"2026-05-10 11:41:25",7.6309,10.4864
"2026-05-10 11:41:26",7.5239,10.471
"2026-05-10 11:41:27",7.55727,10.4557
"2026-05-10 11:41:28",7.62467,10.4557
"2026-05-10 11:41:29",7.6563,10.471
"2026-05-10 11:41:30",7.68707,10.4557
"2026-05-10 11:41:31",7.5843,10.471
"2026-05-10 11:41:32",7.65058,10.471
"2026-05-10 11:41:33",7.61488,10.471
"2026-05-10 11:41:34",7.64673,10.4557
"2026-05-10 11:41:35",7.61097,10.471
"2026-05-10 11:41:36",7.6429,10.4557
"2026-05-10 11:41:37",7.60712,10.471
"2026-05-10 11:41:38",7.63911,10.471
"2026-05-10 11:41:39",7.56861,10.4557
"2026-05-10 11:41:40",7.6014,10.4557
"2026-05-10 11:41:41",7.56484,10.4403
"2026-05-10 11:41:42",7.59768,10.4097
"2026-05-10 11:41:43",7.69483,10.4403
"2026-05-10 11:41:44",7.72412,10.4557
"2026-05-10 11:41:45",7.69174,10.471
"2026-05-10 11:41:46",7.62526,10.4557
"2026-05-10 11:41:47",7.55535,10.4864
"2026-05-10 11:41:48",7.55382,10.4557
"2026-05-10 11:41:49",7.58678,10.4403
"2026-05-10 11:41:50",7.68376,10.4403
"2026-05-10 11:41:51",7.65059,10.4557
"2026-05-10 11:41:52",7.58301,10.4557
"2026-05-10 11:41:53",7.61532,10.4557
"2026-05-10 11:41:54",7.61418,10.425
"2026-05-10 11:41:55",7.57977,10.4557
"2026-05-10 11:41:56",7.64457,10.4557
"2026-05-10 11:41:57",7.61122,10.4557
"2026-05-10 11:41:59",7.57668,10.471
"2026-05-10 11:42:00",7.60903,10.471
"2026-05-10 11:42:01",7.54223,10.4557
"2026-05-10 11:42:02",7.5753,10.471
"2026-05-10 11:42:03",7.60766,10.4403
"2026-05-10 11:42:04",7.54182,10.425
"2026-05-10 11:42:05",7.63893,10.425
"2026-05-10 11:42:06",7.6695,10.4557
"2026-05-10 11:42:07",7.66938,10.4557
"2026-05-10 11:42:08",7.66935,10.4557
"2026-05-10 11:42:09",7.6078,10.4864
"2026-05-10 11:42:10",7.51109,10.4403
"2026-05-10 11:42:11",7.60879,11.6374
"2026-05-10 11:42:12",7.64031,10.425
"2026-05-10 11:42:13",7.64095,10.4403
"2026-05-10 11:42:14",7.61107,10.425
"2026-05-10 11:42:15",7.64259,10.425
"2026-05-10 11:42:16",7.67313,10.425
"2026-05-10 11:42:17",7.67408,10.4557
"2026-05-10 11:42:18",7.67513,10.4557
"2026-05-10 11:42:19",7.55499,10.4557
"2026-05-10 11:42:20",7.61879,10.4557
"2026-05-10 11:42:21",7.59007,10.5171
"2026-05-10 11:42:22",7.65213,10.4403
"2026-05-10 11:42:23",7.65396,10.4557
"2026-05-10 11:42:24",7.6559,10.471
"2026-05-10 11:42:25",7.62869,10.4557
"2026-05-10 11:42:26",7.60122,10.5171
"2026-05-10 11:42:27",7.63367,10.471
"2026-05-10 11:42:28",7.63629,10.4557
"2026-05-10 11:42:29",7.5795,10.471
"2026-05-10 11:42:30",7.61276,10.471
"2026-05-10 11:42:31",7.61597,10.471
"2026-05-10 11:42:32",7.61931,10.5017
"2026-05-10 11:42:33",7.62275,10.4864
"2026-05-10 11:42:34",7.59684,10.4864
"2026-05-10 11:42:35",7.60073,10.5324
"2026-05-10 11:42:36",7.63397,11.1156
"2026-05-10 11:42:37",7.63782,10.471
"2026-05-10 11:42:38",7.61274,10.471
"2026-05-10 11:42:39",7.617,10.4864
"2026-05-10 11:42:40",7.62134,10.4864
"2026-05-10 11:42:41",7.62574,10.471
"2026-05-10 11:42:42",7.63021,10.471
"2026-05-10 11:42:43",7.63473,10.5017
"2026-05-10 11:42:44",7.61036,10.5017
"2026-05-10 11:42:45",7.61518,10.5017
"2026-05-10 11:42:46",7.62004,10.5017
"2026-05-10 11:42:47",7.65363,10.5171
"2026-05-10 11:42:48",7.60066,10.5171
"2026-05-10 11:42:49",7.63466,10.5324
"2026-05-10 11:42:50",7.61066,10.5017
"2026-05-10 11:42:51",7.64452,10.5171
"2026-05-10 11:42:52",7.62056,10.5171
"2026-05-10 11:42:53",7.59663,10.5171
"2026-05-10 11:42:54",7.63059,10.5171
"2026-05-10 11:42:55",7.63544,10.5324
"2026-05-10 11:42:56",7.64022,10.5478
"2026-05-10 11:42:57",7.64492,10.5324
"2026-05-10 11:42:58",7.62075,10.5324
"2026-05-10 11:42:59",7.59665,10.5324
"2026-05-10 11:43:00",7.63014,10.5324
"2026-05-10 11:43:01",7.6346,10.5324
"2026-05-10 11:43:02",7.63895,10.5478
"2026-05-10 11:43:03",7.64319,10.5478
"2026-05-10 11:43:04",7.58988,10.5631
"2026-05-10 11:43:06",7.62272,10.5478
"2026-05-10 11:43:07",7.59802,10.5478
"2026-05-10 11:43:08",7.60193,10.5324
"2026-05-10 11:43:09",7.63439,10.5324
"2026-05-10 11:43:10",7.66681,10.5478
"2026-05-10 11:43:11",7.67016,10.5631
"2026-05-10 11:43:12",7.67337,10.5631
"2026-05-10 11:43:13",7.61874,10.5631
"2026-05-10 11:43:14",7.59336,10.5631
"2026-05-10 11:43:15",7.62487,10.5631
"2026-05-10 11:43:16",7.6277,10.5478
"2026-05-10 11:43:17",7.60184,10.5631
"2026-05-10 11:43:18",7.66195,10.5631
"2026-05-10 11:43:19",7.63543,10.5478
"2026-05-10 11:43:20",7.63777,10.5631
"2026-05-10 11:43:21",7.58318,10.5631
"2026-05-10 11:43:22",7.61356,10.5478
"2026-05-10 11:43:23",7.61562,10.5324
"2026-05-10 11:43:24",7.64631,10.5785
"2026-05-10 11:43:25",7.67723,10.5785
"2026-05-10 11:43:26",7.59279,10.5938
"2026-05-10 11:43:27",7.53999,10.5938
"2026-05-10 11:43:28",7.59625,10.5631
"2026-05-10 11:43:29",7.62617,10.5631
"2026-05-10 11:43:30",7.68571,10.5631
"2026-05-10 11:43:31",7.6871,10.5938
"2026-05-10 11:43:32",7.65923,10.6092
"2026-05-10 11:43:33",7.66055,10.6092
"2026-05-10 11:43:34",7.60448,10.5938
"2026-05-10 11:43:35",7.63422,10.5938
"2026-05-10 11:43:36",7.5792,10.5938
"2026-05-10 11:43:37",7.60829,10.5785
"2026-05-10 11:43:38",7.638,10.5785
"2026-05-10 11:43:39",7.6392,10.5785
"2026-05-10 11:43:40",7.6694,10.5938
"2026-05-10 11:43:41",7.64159,10.5938
"2026-05-10 11:43:42",7.67182,10.5938
"2026-05-10 11:43:43",7.61553,10.5938
"2026-05-10 11:43:44",7.61683,10.5785
"2026-05-10 11:43:45",7.61954,10.5785
"2026-05-10 11:43:46",7.6495,10.5938
"2026-05-10 11:43:47",7.62246,10.5938
"2026-05-10 11:43:48",7.65255,10.5785
"2026-05-10 11:43:49",7.62568,10.5938
"2026-05-10 11:43:50",7.65592,10.5785
"2026-05-10 11:43:51",7.68668,10.5785
"2026-05-10 11:43:52",7.60535,10.5785
"2026-05-10 11:43:53",7.63542,10.5938
"2026-05-10 11:43:55",7.63779,10.5938
"2026-05-10 11:43:56",7.64031,10.5938
"2026-05-10 11:43:57",7.643,10.5938
"2026-05-10 11:43:58",7.64587,10.6092
"2026-05-10 11:43:59",7.64893,10.6092
"2026-05-10 11:44:00",7.6522,10.5938
"2026-05-10 11:44:01",7.60132,10.6092
"2026-05-10 11:44:02",7.60532,10.6092
"2026-05-10 11:44:03",7.63629,10.6092
"2026-05-10 11:44:04",7.64069,10.6092
"2026-05-10 11:44:05",7.64538,10.5938
"2026-05-10 11:44:06",7.62381,10.6245
"2026-05-10 11:44:07",7.65579,10.6092
"2026-05-10 11:44:08",7.66142,10.6092
"2026-05-10 11:44:09",7.66737,10.6245
"2026-05-10 11:44:10",7.67367,10.6245
"2026-05-10 11:44:11",7.6541,10.6245
"2026-05-10 11:44:12",7.66136,10.6245
"2026-05-10 11:44:13",7.66901,10.6399
"2026-05-10 11:44:14",7.70303,10.6552
"2026-05-10 11:44:15",7.63618,10.6706
"2026-05-10 11:44:16",7.62269,10.6706
"2026-05-10 11:44:17",7.61113,10.6552
"2026-05-10 11:44:18",7.66641,10.6399
"2026-05-10 11:44:19",7.70076,10.6399
"2026-05-10 11:44:20",7.71145,10.6399
"2026-05-10 11:44:21",7.72247,10.6552
"2026-05-10 11:44:22",7.71038,10.7012
"2026-05-10 11:44:23",7.72236,10.6859
"2026-05-10 11:44:24",7.69124,10.6859
"2026-05-10 11:44:25",7.70444,10.7012
"2026-05-10 11:44:26",7.69794,10.7166
"2026-05-10 11:44:27",7.71183,10.7166
"2026-05-10 11:44:28",7.70713,10.7626
"2026-05-10 11:44:29",7.72145,10.7319
"2026-05-10 11:44:30",7.71823,10.7473
"2026-05-10 11:44:31",7.70101,10.7626
"2026-05-10 11:44:32",7.71586,10.7626
"2026-05-10 11:44:33",7.73037,10.7626
"2026-05-10 11:44:34",7.74448,10.778
"2026-05-10 11:44:35",7.7438,10.7933
"2026-05-10 11:44:36",7.74374,10.8087
"2026-05-10 11:44:37",7.75665,10.8394
"2026-05-10 11:44:38",7.74452,10.8547
"2026-05-10 11:44:39",7.74525,10.8854
"2026-05-10 11:44:40",7.74588,10.8854
"2026-05-10 11:44:41",7.74626,10.8854
"2026-05-10 11:44:42",7.74622,10.9161
"2026-05-10 11:44:43",7.74563,10.9161
"2026-05-10 11:44:44",7.74437,10.9468
"2026-05-10 11:44:45",7.7423,10.9315
"2026-05-10 11:44:46",7.73181,10.9775
"2026-05-10 11:44:47",7.73547,10.9928
"2026-05-10 11:44:48",7.72321,11.0235
"2026-05-10 11:44:49",7.71718,10.9928
"2026-05-10 11:44:50",6.48032,10.9468
"2026-05-10 11:44:51",7.71053,10.6859
"2026-05-10 11:44:52",7.84302,10.7012
"2026-05-10 11:44:53",7.94246,10.7626
"2026-05-10 11:44:54",7.94108,10.8547
"2026-05-10 11:44:55",7.86735,10.8701
"2026-05-10 11:44:56",7.80556,10.9161
"2026-05-10 11:44:57",7.76402,10.9468
"2026-05-10 11:44:58",7.72549,10.9622
"2026-05-10 11:44:59",7.69835,10.9775
"2026-05-10 11:45:00",7.68064,10.9775
"2026-05-10 11:45:01",7.67205,10.9775
"2026-05-10 11:45:02",7.66294,10.9928
"2026-05-10 11:45:03",7.65334,11.0082
"2026-05-10 11:45:04",7.63278,10.9928
"2026-05-10 11:45:05",7.63259,10.9928
"2026-05-10 11:45:06",7.62163,10.9928
"2026-05-10 11:45:07",7.59918,10.9622
"2026-05-10 11:45:08",7.60988,10.9622
"2026-05-10 11:45:09",7.61018,10.9315
"2026-05-10 11:45:10",7.59847,10.9315
"2026-05-10 11:45:11",7.59921,10.9008
"2026-05-10 11:45:12",7.58726,10.8854
"2026-05-10 11:45:13",7.60251,10.8854
"2026-05-10 11:45:14",7.59078,10.8547
"2026-05-10 11:45:15",7.5936,10.8547
"2026-05-10 11:45:16",7.61336,10.8394
"2026-05-10 11:45:17",7.61898,10.8394
"2026-05-10 11:45:18",7.6079,10.824
"2026-05-10 11:45:19",7.61455,10.824
"2026-05-10 11:45:20",7.60352,10.8087
"2026-05-10 11:45:21",7.59236,10.8087
"2026-05-10 11:45:22",7.58108,10.7933
"2026-05-10 11:45:23",7.58894,10.7933
"2026-05-10 11:45:24",7.59802,10.7626
"2026-05-10 11:45:25",7.58718,10.7626
"2026-05-10 11:45:26",7.61981,10.7473
"2026-05-10 11:45:27",7.63284,10.7319
"2026-05-10 11:45:28",7.59948,10.7319
"2026-05-10 11:45:29",7.61271,10.7473
"2026-05-10 11:45:30",7.60274,10.7626
"2026-05-10 11:45:32",7.64325,10.7319
"2026-05-10 11:45:33",7.58323,10.7166
"2026-05-10 11:45:34",7.58323,10.7166
"2026-05-10 11:45:35",7.58323,10.6859
"2026-05-10 11:45:36",7.58323,10.7012
"2026-05-10 11:45:37",7.58323,10.6859
"2026-05-10 11:45:38",7.58323,10.6859
"2026-05-10 11:45:39",7.58323,10.6552
"2026-05-10 11:45:40",7.58323,10.6552
"2026-05-10 11:45:41",7.58323,10.6706
"2026-05-10 11:45:42",7.58323,10.6245
"2026-05-10 11:45:43",7.58323,10.6245
"2026-05-10 11:45:44",7.58323,10.6245
